,Countdown Airport,Countdown Auckland City,Countdown Aviemore Drive,Countdown Birkenhead,Countdown Blockhouse Bay,Countdown Botany Downs,Countdown Browns Bay,Countdown Glenfield,Countdown Greenlane,Countdown Grey Lynn,Countdown Grey Lynn Central,Countdown Hauraki Corner,Countdown Henderson,Countdown Highland Park,Countdown Hobsonville,Countdown Howick,Countdown Kelston,Countdown Lincoln Road,Countdown Lynfield,Countdown Lynmall,Countdown Mairangi Bay,Countdown Mangere East,Countdown Mangere Mall,Countdown Manukau,Countdown Manukau Mall,Countdown Manurewa,Countdown Meadowbank,Countdown Meadowlands,Countdown Milford,Countdown Mt Eden,Countdown Mt Roskill,Countdown Mt Wellington,Countdown Newmarket,Countdown Northcote,Countdown Northwest,Countdown Onehunga,Countdown Pakuranga,Countdown Papakura,Countdown Papatoetoe,Countdown Ponsonby,Countdown Pt Chevalier,Countdown Roselands,Countdown St Johns,Countdown St Lukes,Countdown Sunnynook,Countdown Sylvia Park,Countdown Takanini,Countdown Takapuna,Countdown Te Atatu,Countdown Te Atatu South,Countdown Three Kings,Countdown Victoria Street West,Countdown Westgate,Countdown Metro Albert Street,Countdown Metro Halsey Street,Distribution Centre Auckland,FreshChoice Glen Eden,FreshChoice Half Moon Bay,FreshChoice Mangere Bridge,FreshChoice Otahuhu,FreshChoice Ranui,SuperValue Avondale,SuperValue Flatbush,SuperValue Palomino,SuperValue Papakura,SuperValue Titirangi
Countdown Airport,0,1956.46,2330.68,2340.24,1427.97,1971.09,3355.17,2698.02,1519.18,1748.91,1592.39,2563.05,2151.22,2360.93,2442.1,2491.97,1870.74,1920.83,1235.13,1559.7,2975.3,758.55,497.92,1235.47,1114.82,1153.91,1838.49,2250.27,2750.99,1478.86,1220.49,1846.27,1868.32,2329.3,2060.01,906.84,1857.78,1947.71,1079.19,1701.53,1672.67,1820.6,2048.99,1465.47,2679.79,1776.5,1619.28,2425.17,1995.26,1745.06,1071.27,1923.66,2094.95,1966.5,1954.68,779.33,1931.93,2382.29,609.48,1183.03,2295.89,1365.38,1428.5,2348.63,1985.56,1838.82
Countdown Auckland City,2012.12,0,1946.04,974.09,1444.67,1879.06,1989.02,1331.87,812.54,718.01,863.65,1196.91,1631.06,1976.29,1921.94,2311.26,1557.88,1400.67,1380.58,1345.44,1609.16,1872.6,1979.81,1668.79,1718.91,2228.16,1176.48,2128.46,1384.84,863.97,1265.88,1198.41,575.78,963.16,1539.85,1462.31,1473.14,2507.72,1614.9,571.59,819.14,2380.61,1226.33,898.15,1313.65,1128.63,2179.29,1059.03,1475.1,1224.9,1046.63,227.98,1574.79,127.69,357.71,1762.92,1660.28,1997.65,1560.01,1425.2,1775.73,1099.29,1788.78,1828.47,2545.57,1855.52
Countdown Aviemore Drive,2372.59,1887.28,0,2299.64,2634.8,508.15,3314.57,2657.42,1379.06,2007.33,2005.99,2522.46,2821.18,81.56,3112.07,391.32,2748,2590.8,2570.71,2535.57,2934.71,2041.49,2101.07,1374.09,1444.44,2004,1376.19,411.35,2710.39,1783.98,2456,1008.77,1688.94,2288.71,2729.98,1502.04,673.55,2317.23,1506.92,1874.91,2009.27,2135.15,1129.18,2088.28,2639.19,1177.18,1988.8,2384.57,2665.23,2415.03,1886.07,1830.45,2764.92,1946.73,2046.17,1711.71,2850.41,320.24,1832.95,1360.17,2965.85,2289.42,1134.2,3018.6,2355.08,3045.65
Countdown Birkenhead,2495.19,1099.88,2427.33,0,1927.73,2360.36,1612.15,492.81,1293.84,841.71,1006.12,820.04,2114.12,2457.59,1586.06,2792.55,2040.94,1883.73,1863.64,1828.51,1232.29,2355.67,2462.88,2150.09,2200.21,2709.45,1657.78,2609.76,907.97,1345.27,1748.94,1679.71,1057.08,360.69,1729.17,1945.38,1954.44,2989.02,2096.2,1020.58,1302.21,2861.91,2145.65,1381.22,936.78,1609.93,2660.59,682.16,1958.17,1707.97,1527.93,976.65,1792.79,954.61,803.62,2245.99,2143.34,2478.95,2043.08,1906.5,2258.79,1582.36,2270.08,2311.53,3026.86,2338.59
Countdown Blockhouse Bay,1496,1413.39,2695.5,1797.16,0,2666.29,2812.09,2154.94,1562,1205.83,1049.32,2019.98,1206.98,2725.75,1899.02,3060.72,662.38,1377.75,352.06,463.6,2432.23,1356.48,1463.69,1919.97,1790.93,1904.59,1925.95,2877.93,2207.91,1109.34,710.14,1947.87,1325.24,1786.23,1516.93,946.18,2222.6,2623.82,1826.54,1158.45,810.55,2496.72,2413.81,830.02,2136.72,1878.09,2295.4,1882.09,1452.19,1201.98,940.39,1380.59,1551.87,1423.42,1411.61,1246.8,674.33,2747.11,1043.89,1650.5,1752.81,364.84,2123.7,1805.55,2661.67,531.96
Countdown Botany Downs,1969.85,1785.71,515.41,2198.07,2533.23,0,3213,2555.85,1277.49,1905.76,1904.42,2420.89,2719.61,557.15,3010.5,559.7,2646.43,2489.23,2448.15,2434,2833.14,1638.75,1698.33,971.34,1041.69,1601.26,1417.35,318,2608.82,1682.41,2354.44,907.2,1587.37,2187.14,2628.41,1400.47,644.31,1998.39,1061.01,1773.34,1907.7,1871.29,1170.33,1986.71,2537.62,1075.6,1669.96,2283,2563.66,2313.46,1784.5,1728.89,2663.34,1845.16,1944.6,1549.57,2748.84,795.26,1822.5,1121.19,2864.28,2187.85,731.46,2917.03,2036.24,2944.08
Countdown Browns Bay,3308,1912.7,3240.15,1554.39,2740.55,3173.17,0,1204.22,2106.65,1654.52,1818.94,1434.44,2516.59,3270.4,1522.22,3605.37,2879.65,2023.66,2676.46,2796.11,478.95,3168.48,3275.7,2962.9,3013.03,3522.27,2470.6,3422.58,988.59,2158.09,2561.76,2492.52,1869.89,1300.02,1665.33,2758.19,2767.25,3801.83,2909.01,1833.4,2115.02,3674.73,2958.46,2194.03,792.66,2422.75,3473.41,1296.56,2258.04,2110.44,2340.75,1789.46,1728.95,1767.42,1616.44,3058.8,2823.24,3291.76,2855.9,2719.31,2398.72,2395.17,3082.89,2451.46,3839.68,3151.4
Countdown Glenfield,2721.39,1326.08,2653.54,495.28,2153.94,2586.56,1230.6,0,1520.04,1067.91,1232.32,847.83,2075.95,2683.79,1081.57,3018.76,2267.14,1583.01,2089.84,2054.71,764.57,2581.87,2689.08,2376.29,2426.41,2935.66,1883.98,2835.96,719.91,1571.47,1975.14,1905.91,1283.28,519.49,1224.68,2171.58,2180.64,3215.22,2322.4,1246.78,1528.41,3088.11,2371.85,1607.42,492.15,1836.13,2886.79,709.94,1817.39,1669.79,1754.13,1202.85,1288.31,1180.81,1029.82,2472.19,2382.59,2705.15,2269.28,2132.7,1958.07,1808.56,2496.28,2010.81,3253.07,2564.79
Countdown Greenlane,1427.63,743.28,1425.58,1155.64,1490.8,1358.6,2170.57,1513.42,0,863.33,861.99,1378.45,1677.18,1455.83,1968.06,1790.8,1604,1446.79,1426.7,1391.56,1790.7,1317.26,1804.77,1148.34,1198.46,1707.7,622.2,1608.01,1566.39,536.22,927.29,677.95,374.66,1144.7,1585.97,629.8,952.68,1987.26,1094.45,730.91,865.27,1860.16,972.15,944.28,1495.19,608.18,1658.84,1240.57,1521.23,1271.03,638.32,686.45,1620.91,802.73,902.17,1333.13,1706.4,1477.19,975.53,904.75,1821.85,1145.42,1268.32,1874.59,2025.11,1901.65
Countdown Grey Lynn,1854.14,888.53,2073.48,726.84,1286.69,2006.5,1741.77,1084.61,939.98,0,233.6,949.65,1473.08,2103.73,1715.67,2438.7,1399.9,1242.69,1222.6,1187.46,1361.9,1714.62,1821.83,1796.23,1846.35,2262.74,1303.92,2255.9,1137.59,657.43,949.1,1325.85,703.22,715.9,1381.87,1304.33,1600.58,2635.16,1742.34,235.95,540.17,2508.05,1791.79,643.38,1066.39,1256.07,2306.73,811.77,1317.12,1066.92,1298.54,616.03,1416.81,615.41,480.11,1604.94,1502.3,2125.09,1402.03,1552.64,1617.75,941.31,1916.22,1670.49,2673,1697.54
Countdown Grey Lynn Central,1668.92,703.31,1985.42,950.67,1101.47,1918.44,1965.6,1308.45,851.92,232.2,0,1173.48,1287.86,2015.67,1578.74,2350.64,1214.68,1057.47,1037.38,1002.24,1585.73,1529.4,1636.61,1708.17,1758.3,2077.52,1215.86,2167.84,1361.42,423.83,715.5,1237.79,615.16,939.73,1196.65,1119.11,1512.52,2547.1,1654.28,128.64,395.62,2420,1703.73,409.77,1290.22,1168.01,2218.67,1035.6,1131.9,881.7,1113.32,670.5,1231.59,713.34,697.2,1419.72,1317.08,2037.03,1216.81,1464.58,1432.53,756.09,1828.16,1485.27,2584.95,1512.32
Countdown Hauraki Corner,2515.02,1119.72,2447.17,761.41,1947.57,2380.19,1533.68,876.53,1313.67,861.54,1025.96,0,2133.96,2477.42,1507.58,2812.39,2060.78,1903.57,1883.48,1848.34,1153.81,2375.5,2482.72,2169.93,2220.05,2729.29,1677.62,2629.6,420.99,1365.11,1768.78,1699.54,1076.92,575.37,1650.69,1965.21,1974.27,3008.85,2116.03,1040.42,1322.05,2881.75,2165.49,1401.05,858.3,1629.77,2680.43,313.48,1978,1727.8,1547.77,996.48,1714.31,974.45,823.46,2265.82,2163.18,2498.78,2062.92,1926.34,2278.63,1602.19,2289.91,2331.37,3046.7,2358.43
Countdown Henderson,2277.39,1658.71,2940.82,2042.48,1237.76,2873.84,2526.75,2243.78,1807.32,1451.16,1294.64,2265.3,0,2971.07,1365.76,3306.04,642.15,463.89,1645.84,885.35,2115.79,2137.87,2245.08,2663.58,2572.32,2685.98,2171.27,3123.25,2490.91,1624.53,1531.14,2193.19,1570.57,2031.55,983.67,1727.57,2467.92,3502.5,2609.69,1403.77,1138.47,3375.4,2659.14,1498.83,1991.41,2123.42,3174.08,2127.42,878.97,405.35,1721.78,1625.91,1018.61,1668.74,1656.93,2028.19,545.35,2992.43,1825.28,2419.99,636.13,993.56,2783.56,365.98,3540.35,932.87
Countdown Highland Park,2439.53,1926.18,69.06,2338.54,2673.7,575.08,3353.47,2696.32,1417.96,2046.22,2044.89,2561.35,2860.08,0,3150.96,436.41,2786.9,2629.69,2609.6,2574.47,2973.6,1778.33,2168,1441.02,1511.37,2070.93,1415.09,435.99,2749.29,1822.88,2494.9,1047.67,1727.84,2327.6,2768.87,1540.93,712.45,2384.16,1573.85,1913.81,2048.17,2202.08,1168.08,2127.18,2678.09,1216.07,2055.74,2423.47,2704.13,2453.93,1924.97,1869.35,2803.81,1985.63,2085.07,1750.61,2889.3,359.14,1871.85,1399.06,3004.75,2328.32,1201.13,3057.49,2422.01,3084.55
Countdown Hobsonville,2459.81,1841.14,3123.25,1660.6,1892.36,3056.27,1593.4,1310.43,1989.75,1633.58,1477.06,1540.65,1353.15,3153.5,0,3488.47,1716.2,860.22,1828.27,1632.67,1182.45,2320.29,2427.5,2846,2754.75,2868.41,2353.7,3305.67,1557.56,1806.96,1713.57,2375.62,1752.99,1406.23,501.89,1910,2650.35,3684.93,2792.11,1586.2,1320.9,3557.83,2841.56,1681.25,1058.06,2305.84,3356.5,1402.77,1094.59,946.99,1904.21,1808.33,565.51,1873.64,1722.65,2210.61,1659.79,3174.86,2007.7,2602.41,1235.27,1472.36,2965.99,1288.02,3722.78,2102.07
Countdown Howick,2411.86,2306.91,445.58,2719.27,3054.43,547.41,3734.2,3077.05,1798.69,2426.96,2425.62,2942.08,3240.81,469.76,3531.7,0,3167.63,3010.43,2890.16,2955.2,3354.33,2080.76,2140.34,1413.35,1483.7,2043.26,1795.82,277.22,3130.02,2203.61,2875.63,1428.4,2108.57,2708.33,3149.6,1921.67,1093.18,2356.49,1546.18,2294.54,2428.9,2090.22,1548.81,2507.91,3058.82,1596.8,2028.07,2804.2,3084.86,2834.66,2305.7,2250.08,3184.54,2366.36,2465.8,2034.73,3270.03,546.68,2264.51,1606.35,3385.48,2709.05,1173.46,3438.23,2394.34,3465.28
Countdown Kelston,1975.04,1654.08,2936.19,2037.85,681.33,2869.21,2923.75,2395.63,1802.69,1446.52,1290.01,2260.66,636.94,2966.44,1762.76,3301.41,0,1033.58,918.84,485.14,2512.79,1835.52,1942.73,2399.01,2269.97,2383.63,2166.64,3118.61,2448.6,1461.03,1135.53,2188.56,1565.93,2026.91,1380.67,1425.23,2463.29,3102.86,2305.58,1399.14,1017.44,2975.76,2654.5,1194.55,2388.41,2118.78,2774.44,2122.78,1275.97,802.35,1419.44,1621.28,1415.61,1664.11,1652.3,1725.84,186.83,2987.8,1522.93,2129.54,1241.06,594.9,2778.93,970.91,3140.71,458.71
Countdown Lincoln Road,2041.34,1422.66,2704.77,1806.44,1473.89,2637.79,2040.25,1757.28,1571.28,1215.11,1058.59,1987.5,472.58,2735.03,879.27,3069.99,1058.81,0,1409.79,1214.19,1629.3,1901.82,2009.03,2427.53,2336.27,2449.93,1935.22,2887.2,2004.41,1388.48,1295.09,1957.15,1334.52,1853.08,497.17,1491.53,2231.88,3266.46,2373.64,1167.72,902.42,3139.35,2423.09,1262.78,1504.92,1887.37,2938.03,1849.62,676.12,335.45,1485.73,1389.86,532.11,1432.69,1420.88,1792.14,962.01,2756.39,1589.23,2183.94,440.28,1053.89,2547.51,493.02,3304.3,1349.53
Countdown Lynfield,1290.81,1354.2,2636.31,1737.98,346.21,2461.1,2752.9,2095.75,1502.81,1146.65,990.13,1960.79,1548.95,2666.57,1839.84,3001.53,885.07,1318.57,0,698.45,2373.04,1151.29,1258.5,1714.78,1585.74,1699.4,1866.76,2740.28,2148.73,991.35,579.59,1888.69,1266.06,1727.04,1457.74,740.99,2163.42,2418.63,1621.35,1099.26,849.29,2291.53,2354.63,770.84,2077.53,1818.91,2090.21,1822.91,1393,1142.8,628.77,1321.4,1492.69,1364.23,1352.42,1041.61,897.02,2687.93,838.7,1445.31,1693.62,504.14,1918.51,1746.37,2456.48,803.91
Countdown Lynmall,1635.21,1417.19,2699.3,1800.96,498.41,2632.32,2815.15,2158.74,1565.8,1209.63,1053.12,2023.78,843.98,2729.55,1654.16,3064.52,410.73,1132.89,703.22,0,2404.19,1495.69,1602.9,2059.19,1930.15,2043.81,1929.75,2881.73,2211.71,1121.2,795.7,1951.67,1329.04,1790.03,1272.07,1085.4,2226.4,2763.04,1965.76,1162.25,790.58,2635.94,2417.61,854.73,2279.81,1881.89,2434.61,1885.89,1207.32,957.12,1079.61,1384.39,1307.01,1427.22,1415.41,1386.01,557.34,2750.91,1183.1,1789.71,1507.95,255.07,2262.92,1177.95,2800.89,558.11
Countdown Mairangi Bay,2989.12,1593.81,2921.27,1235.51,2421.67,2854.29,539.91,765.95,1787.77,1335.64,1500.05,1115.56,2148.73,2951.52,1154.36,3286.49,2511.79,1655.8,2357.58,2428.25,0,2849.6,2956.81,2644.02,2694.15,3203.39,2151.72,3103.69,509.66,1839.2,2242.88,2173.64,1551.01,981.14,1297.47,2439.31,2448.37,3482.95,2590.13,1514.51,1796.14,3355.85,2639.58,1875.15,313.73,2103.86,3154.52,977.68,1890.18,1742.58,2021.86,1470.58,1361.09,1448.54,1297.55,2739.92,2455.37,2972.88,2537.01,2400.43,2030.86,2076.29,2764.01,2083.6,3520.8,2897.66
Countdown Mangere East,686.83,1886.47,2128.33,2270.24,1357.97,1612.5,3285.17,2628.02,1236.65,1678.91,1522.39,2493.05,2081.22,2158.58,2372.1,2133.38,1800.74,1850.83,1165.13,1489.7,2905.3,0,330.39,866.18,737.14,850.8,1571.07,1891.68,2680.99,1408.86,1150.49,1025.29,1798.32,2259.3,1990.01,836.84,1328.26,1570.03,594.16,1631.53,1602.67,1442.93,1585.69,1395.47,2609.79,955.52,1241.61,2355.17,1925.26,1675.06,1001.27,1853.66,2024.95,1896.5,1884.69,433.7,1861.93,2179.94,539.48,413.16,2225.89,1295.38,1069.91,2278.63,1607.88,1768.82
Countdown Mangere Mall,563.11,1940.26,2225.56,2324.04,1411.77,1709.73,3338.97,2681.81,1777.18,1732.71,1576.19,2546.85,2135.01,2255.81,2425.9,2230.6,1854.54,1904.63,1218.93,1543.5,2959.1,335.52,0,963.41,834.37,948.03,2111.6,1988.9,2734.79,1462.66,1204.29,1565.83,1852.12,2313.1,2043.81,890.63,1982.25,1667.26,869.98,1685.32,1656.47,1540.16,2126.23,1449.27,2663.59,1496.05,1338.83,2408.97,1979.06,1728.86,1055.07,1907.46,2078.75,1950.3,1938.48,436.3,1915.73,2277.17,458.19,702.08,2279.69,1349.18,1167.14,2332.43,1705.11,1822.62
Countdown Manukau,1202.03,1675.73,1435.79,2088.09,1873.18,959.2,3103.02,2445.87,1167.51,1795.78,1794.44,2310.91,2609.63,1477.52,2900.52,1480.08,2315.94,2379.25,1680.33,2004.9,2723.16,870.93,930.51,0,150.49,686.85,1501.93,1238.38,2498.84,1572.43,1665.7,956.15,1477.39,2077.16,2518.43,1352.04,1372.58,1181.69,439.2,1663.36,1797.72,1054.59,1516.55,1876.73,2427.64,886.38,853.26,2173.02,2453.68,2203.48,1516.47,1618.91,2553.36,1735.18,1834.62,1224.54,2377.14,1715.63,1054.68,755.37,2754.3,1810.59,416.61,2807.05,1219.54,2284.03
Countdown Manukau Mall,1113.86,1637.95,1471.33,2050.32,1785.01,994.74,3065.24,2408.09,1129.74,1758,1756.67,2273.13,2571.86,1513.07,2862.74,1515.62,2227.78,2341.47,1592.17,1916.74,2685.38,782.77,842.34,206.79,0,598.68,1464.16,1273.92,2461.06,1534.65,1577.53,918.38,1439.62,2039.38,2480.65,1263.88,1334.8,1087.51,548.46,1625.58,1759.94,960.41,1478.78,1838.95,2389.87,848.6,759.09,2135.25,2415.9,2165.7,1428.31,1581.13,2515.59,1697.41,1796.85,1136.37,2288.97,1629.72,966.52,717.59,2716.53,1722.42,452.15,2769.27,1125.36,2195.86
Countdown Manurewa,1164.76,2214.44,1832.86,2626.8,1835.9,1356.27,3641.73,2984.58,1706.22,2156.84,2000.32,2849.61,2559.15,1874.59,2850.03,1877.14,2278.67,2328.76,1643.06,1967.63,3261.86,833.66,893.23,748.73,617.78,0,2040.64,1635.44,3037.55,1886.79,1628.43,1494.86,2016.1,2615.86,2467.94,1314.77,1911.28,1280.11,914,2109.46,2080.6,1108.76,2055.26,1873.4,2966.35,1425.08,918.05,2711.73,2403.19,2152.99,1479.2,2157.61,2502.88,2273.89,2373.33,1187.26,2339.86,2206.2,1017.41,1294.08,2703.82,1773.31,813.68,2756.56,1317.96,2246.75
Countdown Meadowbank,1804.89,1164.88,1402.39,1577.24,1912.39,1464.06,2592.17,1935.02,620.01,1284.92,1283.59,1800.05,2098.78,1432.65,2389.66,1767.61,2025.6,1868.39,1848.3,1813.16,2212.3,1569.45,2056.97,1400.53,1450.65,1959.9,0,1659.23,1987.99,1061.57,1733.6,612.52,966.54,1566.3,2007.57,1007.05,1029.99,2239.46,1346.64,1152.51,1286.87,2112.35,461.34,1365.88,1916.79,791.77,1911.03,1662.17,1942.83,1692.63,1163.67,1108.05,2042.51,1224.33,1323.77,1585.32,2128,1454,1352.78,1156.94,2243.45,1567.02,1520.52,2296.19,2277.31,2323.25
Countdown Meadowlands,2179.45,2038.47,434.22,2450.83,2785.99,315.01,3465.76,2808.61,1530.26,2158.52,2157.19,2673.65,2972.38,445.92,3263.26,308.41,2899.2,2741.99,2657.76,2686.76,3085.9,1848.35,1907.93,1180.95,1251.3,1810.86,1619.91,0,2861.58,1935.17,2607.2,1159.97,1840.14,2439.9,2881.17,1653.23,897.07,2124.09,1313.78,2026.1,2160.46,1857.81,1372.9,2239.47,2790.39,1328.37,1795.66,2535.77,2816.42,2566.22,2037.27,1981.65,2916.11,2097.93,2197.36,1802.33,3001.6,728.51,2032.11,1373.95,3117.05,2440.61,941.06,3169.79,2161.94,3196.84
Countdown Milford,2722.22,1326.91,2654.37,968.6,2154.77,2587.39,1031.05,740.37,1520.87,1068.74,1233.15,465.2,2341.15,2684.62,1510.94,3019.59,2267.98,2012.38,2090.68,2055.54,514.32,2582.7,2689.91,2377.12,2427.25,2936.49,1884.81,2836.79,0,1572.3,1975.98,1906.74,1284.11,671.36,1654.05,2172.41,2181.47,3216.05,2323.23,1247.61,1529.24,3088.95,2372.68,1608.25,533.88,1836.96,2887.62,394.15,2246.76,1935,1754.96,1203.68,1717.68,1181.64,1030.65,2473.02,2370.38,2705.98,2270.11,2133.53,2387.44,1809.39,2497.11,2440.18,3253.9,2565.62
Countdown Mt Eden,1493.25,837.71,1862.74,1250.07,1341.44,1795.76,2265,1607.85,550.06,660,427.79,1472.88,1527.83,1892.99,1818.71,2227.96,1454.65,1297.44,979.34,1127.83,1885.13,1353.73,1460.94,1585.49,1635.62,2144.86,1093.19,2045.16,1660.82,0,628.13,1115.11,443.58,1239.13,1436.62,943.44,1389.84,2424.42,1531.6,465.09,639.79,2297.32,1581.05,372.18,1589.62,1045.33,2095.99,1335,1371.88,1121.68,552.51,607.73,1471.56,897.16,996.6,1244.05,1557.05,1914.35,1041.14,1341.9,1672.5,996.07,1705.48,1725.24,2462.27,1752.3
Countdown Mt Roskill,1228.32,1284.22,2185.58,1668,708.35,2398.61,2682.92,2025.77,933.54,1076.67,737.92,1890.81,1478.97,2215.84,1769.86,2550.8,1108.24,1248.59,564.47,797.2,2303.06,1088.8,1196.01,1652.29,1523.25,1636.91,1796.78,2677.79,2078.75,627.94,0,1818.7,914.23,1657.06,1387.77,678.51,1712.69,2356.14,1558.86,847.05,669.24,2229.04,1903.9,394.7,2007.55,1748.93,2027.72,1752.93,1323.02,1072.82,429.56,1251.42,1422.7,1294.25,1282.44,979.12,1210.64,2237.2,776.21,1382.82,1623.64,602.89,1856.02,1676.39,2393.99,1119.2
Countdown Mt Wellington,1798.05,1172.56,1018.6,1584.93,1920.08,951.63,2599.85,1942.7,664.35,1292.61,1291.28,1807.74,2106.47,1048.86,2397.35,1383.82,2033.29,1876.08,1855.99,1820.85,2219.99,1039.02,1526.53,870.09,920.22,1429.46,609.55,1201.03,1995.67,1069.26,1741.29,0,974.23,1573.99,2015.26,828.11,545.71,1709.02,816.2,1160.19,1294.55,1581.92,573.19,1373.56,1924.48,197.25,1380.59,1669.86,1950.51,1700.31,1171.36,1115.74,2050.2,1232.02,1331.46,1054.88,2135.69,1070.22,1650.7,626.5,2251.14,1574.7,990.08,2303.88,1746.87,2330.93
Countdown Newmarket,1868.89,553.92,1614.65,966.28,1301.44,1547.67,1981.21,1324.06,396.61,673.97,672.64,1189.1,1487.83,1644.9,1778.71,1979.86,1414.65,1257.44,1237.35,1202.21,1601.35,1729.37,1836.58,1337.4,1387.52,1896.76,845.09,1797.07,1377.03,372.24,1122.65,867.02,0,955.35,1396.62,1319.08,1141.75,2176.33,1283.51,541.55,675.91,2049.22,1332.96,754.92,1305.84,797.24,1847.9,1051.22,1331.87,1081.67,598.3,497.1,1431.56,613.38,712.82,1619.69,1517.05,1666.26,1416.79,1093.81,1632.5,956.06,1457.39,1685.24,2214.18,1712.29
Countdown Northcote,2411.4,1016.09,2343.55,371.39,1843.95,2276.57,1367.36,513.35,1210.05,757.92,922.33,601.72,2030.33,2373.8,1341.27,2708.77,1957.16,1799.95,1779.86,1744.72,987.5,2271.88,2379.09,2066.3,2116.43,2625.67,1573.99,2525.97,707.61,1261.48,1665.16,1595.92,973.29,0,1484.38,1861.59,1870.65,2905.23,2012.41,936.79,1218.42,2778.13,2061.86,1297.43,691.99,1526.14,2576.8,463.83,1874.38,1624.18,1444.14,892.86,1548,870.82,719.83,2162.2,2059.56,2395.16,1959.29,1822.71,2175,1498.57,2186.29,2227.75,2943.08,2254.8
Countdown Northwest,2528.79,1910.11,3192.23,1705.17,1961.34,3125.25,1637.98,1355.01,2058.73,1702.56,1546.04,1585.23,1422.13,3222.48,476.99,3557.45,1785.18,929.19,1897.24,1701.64,1227.02,2389.27,2496.48,2914.98,2823.72,2937.38,2422.67,3374.65,1602.14,1875.93,1782.55,2444.6,1821.97,1450.81,0,1978.98,2719.33,3753.91,2861.09,1655.17,1389.88,3626.8,2910.54,1750.23,1102.64,2374.82,3425.48,1447.34,1163.57,1015.97,1973.19,1877.31,245.71,1918.21,1767.22,2279.59,1728.77,3243.84,2076.68,2671.39,928.39,1541.34,3034.97,1356.99,3791.75,2171.05
Countdown Onehunga,839.23,1596.49,1569.87,1660.22,1067.99,1502.89,2675.15,2017.99,631.46,1388.93,1232.42,1883.03,1791.24,1600.12,2082.12,1935.09,1510.76,1560.85,875.15,1199.72,2295.28,699.71,806.92,1263.2,1134.16,1247.82,1003.01,1752.3,2070.97,849.74,860.52,815.49,856.66,1649.28,1700.03,0,1096.97,1967.05,1169.77,1341.55,1312.69,1839.95,1288.18,1105.49,1999.77,859.81,1638.63,1745.15,1635.28,1385.08,477.43,1563.69,1734.97,1307.31,1406.75,590.03,1571.95,1621.48,387.12,993.72,1935.91,1005.41,1466.93,1988.65,2004.9,1478.84
Countdown Pakuranga,1842.88,1445.1,734.7,1857.46,2192.61,665.44,2872.39,2215.24,936.88,1565.15,1563.81,2080.27,2379,764.95,2669.88,1099.92,2305.82,2148.61,2128.52,2093.39,2492.52,1297.25,2031.22,1374.78,1424.9,1934.14,1034.83,914.85,2268.21,1341.8,2013.82,566.59,1246.76,1846.52,2287.79,1059.85,0,2213.71,1320.89,1432.73,1567.09,2086.6,787.82,1646.1,2197.01,734.99,1885.28,1942.39,2223.05,1972.85,1443.89,1388.27,2322.73,1504.55,1603.99,1269.53,2408.22,786.31,1390.77,917.98,2523.67,1847.24,1249.34,2576.41,2251.55,2603.47
Countdown Papakura,1954.39,2532.48,2472.64,2944.85,2625.53,2088.77,3959.77,3302.62,2024.27,2652.53,2651.2,3167.66,3466.39,2502.89,3757.27,2609.64,3068.3,3236,2432.69,2757.26,3579.91,1623.29,1682.86,1307.28,1139.01,1585.79,2358.69,2367.94,3355.59,2429.18,2418.05,1812.91,2334.15,2933.91,3375.18,2104.4,2229.33,0,1442.98,2520.11,2654.48,147.88,2373.31,2733.48,3284.4,1743.13,434.05,3029.78,3310.43,3060.23,2268.83,2475.66,3410.12,2591.94,2691.38,1976.89,3129.49,2524.25,1807.04,1612.12,3611.06,2562.94,1444.95,3663.8,216.09,3036.38
Countdown Papatoetoe,1149.16,1531.29,1512.95,1943.65,1820.3,1036.36,2958.58,2301.43,1023.08,1651.34,1650.01,2166.47,2465.2,1501.7,2756.08,1557.24,2392.02,2234.81,1627.46,1952.03,2578.72,587.87,877.64,430.47,453.7,899.44,1357.5,1315.54,2354.4,1427.99,1612.83,811.72,1332.95,1932.72,2373.99,1299.17,1228.14,1385.53,0,1518.92,1653.28,1258.43,1372.12,1732.29,2283.21,741.94,1057.11,2028.59,2309.24,2059.04,1463.6,1474.47,2408.93,1590.74,1690.19,839.32,2494.42,1523.06,1001.81,610.93,2609.87,1933.43,487.62,2662.61,1423.38,2231.16
Countdown Ponsonby,1778.06,812.44,1857.88,819.62,1210.6,1790.9,1834.55,1177.4,724.38,235.95,128.64,1042.44,1396.99,1888.13,1808.46,2223.1,1323.81,1166.6,1146.51,1111.37,1454.69,1638.54,1745.75,1580.63,1630.76,2140,1088.33,2040.3,1230.37,481.47,824.63,1110.25,487.62,808.69,1305.78,1228.24,1384.98,2419.56,1526.74,0,504.76,2292.46,1576.19,518.91,1159.18,1040.47,2091.14,904.55,1241.04,990.84,958.47,419.2,1340.72,471.15,566.15,1528.86,1426.21,1909.49,1325.95,1337.04,1541.66,865.22,1700.62,1594.4,2457.41,1621.46
Countdown Pt Chevalier,1647.32,825.28,2107.39,1209.05,824.14,2040.41,2223.98,1566.83,973.89,535.76,398.32,1431.86,1107.83,2137.64,1398.71,2472.61,995.64,877.44,852.06,792.79,1844.11,1507.8,1615.02,1830.14,1880.27,2055.92,1337.83,2289.81,1619.8,624.74,669.29,1359.76,737.13,1198.11,1016.62,1097.51,1634.49,2669.07,1776.25,507.45,0,2541.97,1825.7,497.93,1548.6,1289.98,2340.64,1293.98,951.87,701.67,1091.72,792.47,1051.56,835.31,823.49,1398.13,1098.04,2159,1195.22,1586.55,1252.5,537.05,1950.13,1305.24,2706.92,1265.62
Countdown Roselands,1974.03,2552.13,2176.3,2964.49,2645.17,1699.71,3979.42,3322.27,2043.91,2672.17,2670.84,3187.3,3486.03,2218.03,3776.91,2268.3,3087.94,3255.64,2452.33,2776.9,3599.55,1642.93,1702.51,1326.92,1158.66,1082.01,2378.33,1910.56,3375.24,2448.82,2437.7,1832.55,2353.79,2953.55,3394.82,2124.04,2248.97,167.2,1462.63,2539.76,2674.12,0,2392.95,2753.13,3304.04,1762.77,330.56,3049.42,3330.08,3079.88,2288.47,2495.3,3429.76,2611.58,2711.02,1996.53,3149.13,2543.89,1826.68,1631.77,3630.7,2582.59,1161.53,3683.44,216.87,3056.03
Countdown St Johns,2356.85,1141.77,1146.78,1923.75,2258.91,1208.44,2938.68,2281.53,966.52,1631.44,1630.1,2146.56,2445.29,1177.03,2736.18,1511.99,2372.11,2214.91,2194.81,2159.68,2558.81,1597.82,2085.33,1428.89,1479.02,1988.26,470.15,1403.61,2334.5,1408.09,2080.11,585.93,1313.05,1912.81,2354.08,1283.26,774.37,2267.82,1375,1499.02,1633.38,2140.72,0,1712.39,2263.3,756.05,1939.4,2008.68,2289.34,2039.14,1510.18,1454.56,2389.02,1261.99,1670.28,1613.68,2474.51,1198.39,1614.18,1185.3,2589.96,1913.53,1548.88,2642.71,2305.67,2669.76
Countdown St Lukes,1447.51,999.07,2281.18,1296.83,817.93,2214.2,2311.75,1654.6,795.04,692.71,460.51,1519.64,1380.23,2311.43,1671.11,2646.4,1137.86,1149.84,753.84,826.82,1931.89,1307.99,1415.2,2003.93,1742.44,1856.1,1511.63,2463.6,1707.58,355.3,373.65,1533.55,739.14,1285.89,1289.02,897.7,1808.28,2575.33,1950.04,569.64,534.47,2448.23,1999.49,0,1636.38,1463.77,2246.91,1381.76,1224.28,974.08,520.97,829.4,1323.96,1009.1,997.29,1198.31,1240.26,2332.79,995.4,1760.34,1524.9,632.5,2123.92,1577.64,2613.18,1228.79
Countdown Sunnynook,2691.4,1296.09,2623.55,937.78,2123.95,2556.57,859.86,502.8,1490.05,1037.92,1202.33,817.84,1988.15,2653.8,993.78,2988.77,2351.21,1495.22,2059.85,2024.72,327.71,2551.88,2659.09,2346.3,2396.43,2905.67,1853.99,2805.97,543.2,1541.48,1945.16,1875.92,1253.29,683.41,1136.89,2141.59,2150.65,3185.23,2292.41,1216.79,1498.42,3058.13,2341.86,1577.43,0,1806.14,2856.8,679.96,1729.59,1582,1724.14,1172.86,1200.51,1150.82,999.83,2442.2,2294.79,2675.16,2239.29,2102.71,1870.28,1778.57,2466.29,1923.02,3223.08,2534.8
Countdown Sylvia Park,1701.91,1076.42,1213.9,1488.78,1823.94,1157.31,2503.71,1846.56,568.21,1196.47,1195.14,1711.6,2010.33,1244.15,2301.21,1579.11,1937.15,1779.94,1759.85,1724.71,2123.85,942.88,1430.39,773.95,824.08,1333.32,800.52,1406.71,1899.53,973.12,1645.15,207.41,878.09,1477.85,1919.12,879.5,741,1612.88,720.06,1064.05,1198.41,1485.78,767.81,1277.42,1828.34,0,1284.45,1573.72,1854.37,1604.17,1075.22,1019.6,1954.06,1135.88,1235.31,958.74,2039.55,1265.51,1554.56,530.36,2155,1478.56,893.94,2207.74,1650.73,2234.79
Countdown Takanini,1649.59,2227.69,2167.84,2640.05,2320.73,1783.97,3654.98,2997.83,1719.47,2347.74,2346.4,2862.86,3161.59,2198.09,3452.47,2304.85,2763.5,2931.2,2127.89,2452.46,3275.11,1318.49,1378.07,1002.48,834.22,908.52,2053.89,2063.15,3050.8,2124.39,2113.26,1508.11,2029.35,2629.11,3070.38,1799.6,1924.53,428.55,1138.19,2215.32,2349.68,311.88,2068.51,2428.69,2979.6,1438.33,0,2724.98,3005.64,2755.44,1964.03,2170.86,3105.32,2287.14,2386.58,1672.09,2824.69,2219.45,1502.24,1307.33,3306.26,2258.15,1140.16,3359,528.75,2731.59
Countdown Takapuna,2397.77,1002.47,2329.92,644.16,1830.32,2262.94,1416.42,759.27,1196.42,744.29,908.7,312.79,2016.7,2360.17,1390.33,2695.14,1943.53,1786.32,1766.23,1731.09,1036.56,2258.25,2365.46,2052.67,2102.8,2612.04,1560.37,2512.34,403.95,1247.85,1651.53,1582.29,959.66,458.12,1533.44,1847.96,1857.02,2891.6,1998.78,923.16,1204.79,2764.5,2048.23,1283.8,741.05,1512.51,2563.18,0,1860.75,1610.55,1430.51,879.23,1597.06,857.19,706.2,2148.57,2045.93,2381.53,1945.66,1809.08,2161.38,1484.94,2172.66,2214.12,2929.45,2241.17
Countdown Te Atatu,2054.42,1435.74,2717.85,1819.52,1486.96,2650.87,2372.66,2089.69,1584.35,1228.19,1071.67,2042.33,887.11,2748.1,1211.67,3083.07,1250.17,690.4,1422.87,1227.27,1961.7,1914.9,2022.11,2440.61,2349.35,2463.01,1948.3,2900.28,2230.26,1401.56,1308.17,1970.22,1347.6,1808.58,829.58,1504.6,2244.95,3279.53,2386.72,1180.8,915.5,3152.43,2436.17,1275.86,1837.32,1900.45,2951.11,1904.45,0,480.96,1498.81,1402.94,864.52,1445.77,1433.96,1805.22,1193.76,2769.46,1602.31,2197.02,1065.46,1066.97,2560.59,1118.2,3317.38,1696.68
Countdown Te Atatu South,1872.11,1253.44,2535.55,1637.21,1304.66,2468.57,2121.47,1838.5,1402.05,1045.88,889.36,1860.02,406.23,2565.8,960.48,2900.77,769.28,439.21,1240.57,1044.96,1710.52,1732.59,1839.8,2258.3,2167.05,2280.71,1765.99,2717.97,2085.63,1219.26,1125.87,1787.92,1165.29,1626.27,578.39,1322.3,2062.65,3097.23,2204.41,998.5,733.2,2970.13,2253.86,1093.55,1586.13,1718.14,2768.8,1722.14,473.69,0,1316.51,1220.63,613.33,1263.47,1251.66,1622.91,712.87,2587.16,1420,2014.71,658.11,884.66,2378.29,646.69,3135.08,1100.39
Countdown Three Kings,1097.28,1031.8,2043.61,1444.17,941.84,2267.58,2459.09,1801.94,656.98,1262.77,1106.26,1666.98,1665.08,2073.86,1955.96,2408.83,1384.6,1434.69,657.86,1073.56,2079.23,957.76,1064.97,1521.26,1392.22,1505.88,1191.58,2226.03,1854.91,548.2,493.94,1295.98,637.67,1433.23,1573.87,547.47,1570.71,2225.11,1427.83,1019.43,1186.54,2098.01,1541.53,540.13,1783.72,1226.2,1896.68,1529.1,1509.13,1258.93,0,974.98,1608.81,1091.26,1190.7,848.08,1445.79,2095.22,645.17,1251.78,1809.75,879.25,1724.99,1862.49,2262.96,1352.69
Countdown Victoria Street West,1927.99,288.95,1900.78,876.97,1360.54,1833.8,1891.9,1234.75,767.28,558.28,529.89,1099.79,1546.92,1931.03,1837.81,2266,1473.74,1316.54,1296.45,1261.31,1512.04,1788.47,1895.68,1623.53,1673.66,2182.9,1131.22,2083.2,1287.72,682.55,1181.75,1153.15,530.52,866.04,1455.72,1378.18,1427.88,2462.46,1569.64,401.25,735.01,2335.36,1619.09,814.02,1216.53,1083.37,2134.03,961.91,1390.97,1140.77,1001.37,0,1490.66,234.09,303.34,1678.79,1576.15,1952.39,1475.88,1379.94,1691.59,1015.16,1743.52,1744.34,2500.31,1771.39
Countdown Westgate,2180.43,1561.75,2843.86,1818.2,1612.97,2776.88,1751.01,1468.04,1710.36,1354.19,1197.68,1698.26,1073.76,2874.11,590.02,3209.08,1436.82,580.83,1548.88,1353.28,1340.05,2040.91,2148.12,2566.61,2475.36,2589.02,2074.31,3026.29,1715.17,1527.57,1434.18,2096.23,1473.6,1563.83,113.04,1630.61,2370.96,3405.54,2512.72,1306.81,1041.51,3278.44,2562.17,1401.86,1215.67,2026.45,3077.12,1560.38,815.2,667.61,1624.82,1528.95,0,1571.78,1559.97,1931.23,1380.4,2895.47,1728.32,2323.02,816.13,1192.98,2686.6,1008.63,3443.39,1822.69
Countdown Metro Albert Street,1970.65,145.27,1943.44,846.41,1403.19,1876.46,1861.33,1204.18,809.94,590.32,572.54,1069.22,1589.58,1973.69,1835.24,2308.66,1516.4,1359.19,1339.1,1303.96,1481.47,1831.13,1938.34,1666.19,1716.31,2225.55,1173.88,2125.86,1257.15,746.28,1224.4,1195.81,573.18,835.47,1498.37,1420.83,1470.54,2505.12,1612.3,443.9,777.67,2378.01,1301.9,856.68,1185.96,1126.03,2176.69,931.34,1433.63,1183.43,1044.03,204.23,1533.31,0,230.02,1721.45,1618.8,1995.05,1518.54,1422.6,1734.25,1057.82,1786.18,1786.99,2542.97,1814.05
Countdown Metro Halsey Street,2006.38,375.63,2092.42,722.17,1438.93,2025.44,1737.1,1079.95,958.92,466.08,573.57,944.99,1625.31,2122.67,1711.01,2457.64,1552.13,1394.93,1374.83,1339.7,1357.24,1866.86,1974.07,1815.17,1865.3,2374.54,1322.87,2274.84,1132.92,1010.35,1260.13,1344.79,722.16,711.24,1534.1,1456.57,1619.52,2654.1,1761.28,425.68,813.4,2527,1810.73,892.41,1061.72,1275.01,2325.68,807.1,1469.36,1219.16,1193.01,276.02,1569.04,230.35,0,1757.18,1654.54,2144.03,1554.27,1571.58,1769.98,1093.55,1935.16,1822.72,2691.95,1849.78
Distribution Centre Auckland,984.77,1883.99,1777.09,2177.23,1355.5,1562.11,3192.15,2535,1256.65,1676.44,1519.92,2400.04,2078.75,1807.34,2369.63,2053.21,1798.27,1848.36,1162.66,1487.23,2812.29,428.08,436.11,1131.88,1002.84,1116.5,1591.07,1811.51,2587.98,1406.39,1148.02,1045.29,1566.53,2166.29,1987.54,834.36,1304.19,1835.73,845.96,1629.06,1600.2,1708.63,1500.57,1393,2516.78,975.51,1507.31,2262.16,1922.79,1672.59,998.8,1851.19,2022.48,1894.03,1923.76,0,1859.46,1828.7,458.2,440.64,2223.42,1292.91,1335.61,2276.16,1873.58,1766.35
FreshChoice Glen Eden,2041.91,1739.28,3021.39,2123.05,696.75,2954.41,2838.21,2555.24,1887.89,1531.72,1375.2,2345.86,551.4,3051.64,1677.23,3386.61,186.4,948.04,939.28,599.04,2427.26,1902.38,2009.6,2465.88,2336.84,2450.5,2251.83,3203.81,2802.37,1546.22,1220.72,2273.76,1651.13,2112.11,1295.14,1492.09,2548.49,3169.73,2372.45,1484.34,1102.64,3042.63,2739.7,1279.75,2302.88,2203.98,2841.3,2207.98,1190.43,716.82,1486.3,1706.47,1330.07,1749.31,1737.49,1792.7,0,3073,1589.8,2196.4,1155.52,680.1,2669.61,859.22,3207.58,387.52
FreshChoice Half Moon Bay,2360.89,1963.1,325.76,2375.47,2710.62,807.8,3390.39,2733.24,1454.89,2083.15,2081.82,2598.28,2897.01,351.26,3187.89,604.8,2823.83,2666.62,2646.53,2611.39,3010.53,1815.26,2301.02,1673.74,1694.7,2203.95,1452.02,711.01,2786.21,1859.8,2531.83,1084.6,1764.77,2364.53,2805.8,1577.86,749.37,2483.51,1625.3,1950.73,2085.09,2356.41,1205,2164.1,2715.02,1253,2155.08,2460.4,2741.05,2490.85,1961.9,1906.28,2840.74,2022.56,2122,1787.54,2926.23,0,1908.78,1435.99,3041.68,2365.24,1433.86,3094.42,2521.36,3121.47
FreshChoice Mangere Bridge,725.89,1530.3,1904.51,1914.07,1001.8,1894.9,2929,2271.85,1093.01,1322.74,1166.22,2136.88,1725.05,1934.76,2015.93,2415.78,1444.57,1494.66,808.96,1133.53,2549.14,585.09,464.4,1148.58,1019.54,1133.2,1412.32,2174.08,2324.82,1052.69,794.33,1181.93,1442.15,1903.13,1633.84,480.67,1431.61,1852.43,1055.15,1275.36,1246.5,1725.33,1622.82,1039.3,2253.62,1681.22,1524.01,1999,1569.09,1318.89,645.1,1497.49,1668.78,1540.33,1528.52,436.43,1505.76,1956.12,0,840.13,1869.72,939.22,1352.31,1922.46,1890.28,1412.66
FreshChoice Otahuhu,1079.09,1331.71,1424.63,1744.07,1711.67,1103.09,2759,2101.85,823.5,1451.76,1450.43,1966.89,2265.62,1454.88,2556.5,1594.19,2192.44,2035.23,1518.83,1980,2379.14,412.51,701.81,719.73,769.85,1279.09,1157.92,1352.49,2154.82,1228.41,1504.2,612.14,1133.38,1733.14,2174.41,930.43,951.73,1558.66,545.68,1319.34,1453.7,1431.55,1172.54,1532.71,2083.63,542.36,1230.23,1829.01,2109.66,1859.46,1330.51,1274.89,2209.35,1391.17,1490.61,436.34,2294.84,1476.24,814.37,0,2410.29,1733.85,839.72,2463.03,1596.51,2122.53
FreshChoice Ranui,2395.68,1777.01,3059.12,2160.78,1828.23,2992.14,2394.6,2111.63,1925.62,1569.45,1412.94,2341.85,656.18,3089.37,1233.61,3424.34,1261.81,435.01,1764.14,1568.54,1983.64,2256.16,2363.37,2781.87,2690.62,2804.28,2289.56,3241.54,2358.76,1742.83,1649.44,2311.49,1688.86,2207.43,851.52,1845.87,2586.22,3620.8,2727.98,1522.07,1256.77,3493.7,2777.43,1617.12,1859.26,2241.71,3292.37,2203.97,1030.46,652.11,1840.08,1744.2,886.46,1787.04,1775.23,2146.48,1165.01,3110.73,1943.57,2538.28,0,1408.23,2901.86,453.88,3658.65,1489.65
SuperValue Avondale,1420.48,1176.25,2458.36,1560.03,377.19,2391.39,2574.96,1917.81,1324.87,968.7,812.18,1782.84,993.23,2488.62,1613.22,2823.58,571.33,1091.95,491,260.29,2363.25,1280.96,1388.17,1844.45,1715.42,1829.07,1688.81,2640.79,1970.78,906.47,580.97,1710.74,1088.11,1549.09,1231.13,870.67,1985.47,2548.3,1751.03,921.31,539.62,2421.2,2176.68,639.99,1899.58,1640.96,2219.88,1644.96,1166.38,916.18,864.88,1143.45,1266.07,1186.29,1174.47,1171.28,673.73,2509.98,968.37,1574.98,1467.01,0,2048.18,1519.75,2586.15,741.61
SuperValue Flatbush,1337.59,1771.4,1099.34,2183.77,2008.74,622.75,3198.7,2541.54,1263.19,1891.45,1890.12,2406.58,2705.31,1141.07,2996.19,1143.63,2451.5,2474.92,1815.89,2140.46,2818.83,1006.49,1066.07,339.08,409.43,969,1597.61,901.93,2594.52,1668.1,1801.26,1051.83,1573.07,2172.83,2614.1,1487.6,1214.08,1282.22,503.59,1759.04,1893.4,1155.12,1612.23,1972.4,2523.32,982.05,953.8,2268.7,2549.35,2299.16,1652.03,1714.58,2649.04,1830.86,1930.3,1360.09,2512.7,1379.19,1190.24,851.04,2849.98,1946.15,0,2902.72,1320.07,2419.59
SuperValue Palomino,2500.64,1881.96,3164.08,2265.74,1540.88,3097.1,2499.56,2216.59,2030.58,1674.41,1517.89,2446.8,418.3,3194.33,1338.57,3529.3,985.43,539.97,1869.1,1228.63,2088.6,2361.12,2468.33,2886.83,2795.57,2909.23,2394.52,3346.5,2463.71,1847.78,1754.4,2416.45,1793.82,2312.38,956.48,1950.83,2691.18,3725.76,2832.94,1627.03,1361.73,3598.66,2882.39,1722.08,1964.22,2346.67,3397.33,2308.92,1135.42,694.72,1945.04,1849.16,991.42,1892,1880.18,2251.44,844.13,3215.69,2048.53,2643.24,491.71,1336.83,3006.82,0,3763.61,1136.82
SuperValue Papakura,1980.76,2558.86,2499.02,2971.23,2651.91,2115.15,3986.15,3329,2050.65,2678.91,2677.58,3194.04,3492.77,2529.27,3783.65,2636.02,3094.68,3262.38,2459.07,2783.64,3606.29,1649.66,1709.24,1333.66,1165.39,1612.17,2385.07,2394.32,3381.97,2455.56,2444.43,1839.29,2360.53,2960.29,3401.56,2130.77,2255.71,201.8,1469.36,2546.49,2680.85,213.24,2399.69,2759.86,3310.78,1769.51,543.81,3056.16,3336.81,3086.61,2295.21,2502.04,3436.5,2618.32,2717.76,2003.27,3155.87,2550.63,1833.42,1638.5,3637.44,2589.32,1471.33,3690.18,0,3062.76
SuperValue Titirangi,1919.72,1837.11,3119.22,2220.88,553.79,3090.01,3235.81,2578.66,1985.72,1629.56,1473.04,2443.7,921.13,3149.47,2122.91,3484.44,444.82,1317.77,817.09,608.17,2872.94,1780.2,1887.41,2343.69,2214.65,2328.31,2349.67,3301.65,2631.63,1533.06,1133.86,2371.59,1748.96,2209.95,1740.81,1369.91,2646.32,3047.54,2250.26,1582.17,1262.75,2920.44,2837.53,1253.75,2560.44,2301.82,2719.12,2305.82,1676.07,1086.54,1364.11,1804.31,1775.75,1847.14,1835.33,1670.52,369.73,3170.83,1467.61,2074.22,1510.99,756.29,2547.42,1163.58,3085.39,0
